Feature,Importance
Mental Fatigue Score,0.8592023823704986
Resource Allocation,0.0964330088227082
Designation,0.014048344063914885
WFH Setup Available,0.007811349187703264
Tenure,0.00757494233831623
Company Type,0.007507588501417999
Gender,0.007422384715440754
